balance_decile,total_customers,min_balance_usd,max_balance_usd,avg_balance_usd,total_conversions,conversion_rate_pct,avg_outreach_attempts,conversion_rank
1,22654,115.48,1281.59,940.967398,7298,32.22,2.576631,4
2,22653,1281.61,1721.32,1511.293504,7169,31.65,2.581203,10
3,22654,1721.34,2102.75,1913.973151,7245,31.98,2.580295,7
4,22653,2102.78,2480.99,2290.56666,7294,32.2,2.580894,5
5,22653,2481.01,2878.31,2676.836238,7407,32.7,2.582439,1
6,22653,2878.33,3318.70,3093.265453,7344,32.42,2.587472,3
7,22654,3318.74,3846.97,3573.168204,7353,32.46,2.580162,2
8,22653,3847.02,4542.95,4175.170133,7172,31.66,2.574008,9
9,22653,4543.05,5654.72,5042.062643,7213,31.84,2.591224,8
10,22654,5654.77,19776.25,7165.034785,7286,32.16,2.579898,6