Credit Score Decile,Total Customers,Min Credit Score,Max Credit Score,Avg Credit Score,Total Conversions,Conversion Rate (%),Avg Outreach Attempts,Delinquency Rate (%),Conversion Rank
1,"22,736",300,551,514.97,"11,373",50.02%,2.59,59.36%,1
2,"22,810",552,585,569.92,"11,402",49.99%,2.59,52.17%,2
3,"23,093",586,610,598.43,"11,440",49.54%,2.57,41.00%,3
4,"22,585",611,631,621.21,"10,898",48.25%,2.59,31.64%,4
5,"22,974",632,651,641.55,"9,018",39.25%,2.59,23.54%,5
6,"22,040",652,670,660.94,"6,679",30.30%,2.59,17.53%,6
7,"22,589",671,691,680.81,"5,147",22.79%,2.57,12.76%,7
8,"22,939",692,716,703.51,"3,675",16.02%,2.59,8.79%,8
9,"22,238",717,750,732.25,"2,219",9.98%,2.58,5.03%,9
10,"22,530",751,850,785.87,930,4.13%,2.57,2.26%,10
